005930,삼성전자
000660,SK하이닉스
005380,현대차
005490,POSCO
051910,LG화학
035420,NAVER
105560,KB금융
207940,삼성바이오로직스
032830,삼성생명
028260,삼성물산
055550,신한지주
012330,현대모비스
015760,한국전력
017670,SK텔레콤
034730,SK
018260,삼성에스디에스
051900,LG생활건강
096770,SK이노베이션
090430,아모레퍼시픽
066570,LG전자
003550,LG
086790,하나금융지주
006400,삼성SDI
033780,KT&G
251270,넷마블게임즈
011170,롯데케미칼
000810,삼성화재
000270,기아차
010950,S-Oil
002790,아모레G
000030,우리은행
034220,LG디스플레이
010130,고려아연
035720,카카오
036570,엔씨소프트
024110,기업은행
009150,삼성전기
004020,현대제철
030200,KT
009540,현대중공업
139480,이마트
267250,현대로보틱스
021240,코웨이
008930,한미사이언스
018880,한온시스템
035250,강원랜드
128940,한미약품
161390,한국타이어
006800,미래에셋대우
023530,롯데쇼핑
032640,LG유플러스
088350,한화생명
078930,GS
009830,한화케미칼
086280,현대글로비스
005830,DB손해보험
001040,CJ
047810,한국항공우주
097950,CJ제일제당
004990,롯데지주
071050,한국금융지주
036460,한국가스공사
005940,NH투자증권
004800,효성
029780,삼성카드
000720,현대건설
002380,KCC
271560,오리온
001450,현대해상
009240,한샘
010060,OCI
012750,에스원
282330,BGF리테일
008770,호텔신라
016360,삼성증권
003490,대한항공
010140,삼성중공업
011070,LG이노텍
000880,한화
138930,BNK금융지주
007070,GS리테일
000120,CJ대한통운
012630,현대산업
008560,메리츠종금증권
011780,금호석유
004170,신세계
028670,팬오션
000210,대림산업
028050,삼성엔지니어링
026960,동서
007310,오뚜기
006280,녹십자
000100,유한양행
204320,만도
047050,포스코대우
069960,현대백화점
006260,LS
047040,대우건설
069620,대웅제약
000150,두산
030000,제일기획
042670,두산인프라코어
006360,GS건설
120110,코오롱인더
010620,현대미포조선
009420,한올바이오파마
010120,LS산전
006650,대한유화
000670,영풍
004370,농심
003520,영진약품
003410,쌍용양회
005250,녹십자홀딩스
161890,한국콜마
020150,일진머티리얼즈
051600,한전KPS
000240,한국타이어월드와이드
114090,GKL
012450,한화테크윈
034020,두산중공업
011210,현대위아
004000,롯데정밀화학
011790,SKC
001800,오리온홀딩스
000080,하이트진로
001740,SK네트웍스
079160,CJ CGV
115390,락앤락
003240,태광산업
064350,현대로템
057050,현대홈쇼핑
103140,풍산
214320,이노션
005440,현대그린푸드
285130,SK케미칼
111770,영원무역
185750,종근당
017800,현대엘리베이
192820,코스맥스
005610,SPC삼립
014820,동원시스템즈
002350,넥센타이어
003000,부광약품
079550,LIG넥스원
001120,LG상사
001230,동국제강
003300,한일시멘트
105630,한세실업
001430,세아베스틸
000070,삼양홀딩스
005300,롯데칠성
010780,아이에스동서
170900,동아에스티
006840,AK홀딩스
093050,LF
069260,휴켐스
093370,후성
049770,동원F&B
000640,동아쏘시오홀딩스
145990,삼양사
001060,JW중외제약
001680,대상
052690,한전기술
108670,LG하우시스
073240,금호타이어
005850,에스엘
007570,일양약품
020000,한섬
014680,한솔케미칼
003620,쌍용차
025540,한국단자
019680,대교
064960,S&T모티브
060980,한라홀딩스
005180,빙그레
029530,신도리코
002270,롯데푸드
002240,고려제강
079430,현대리바트
003030,세아제강
033920,무학
096760,JW홀딩스
025860,남해화학
000990,DB하이텍
192400,쿠쿠홀딩스
009290,광동제약
006120,SK디스커버리
002960,한국쉘석유
004490,세방전지
003920,남양유업
036580,팜스코
001520,동양
008060,대덕전자
034120,SBS
027410,BGF
003850,보령제약
078520,에이블씨엔씨
014830,유니드
000050,경방
097230,한진중공업
004710,한솔테크닉스
